id,generation,source,created_at,action,status,reward,placed,deadline,start,end,reference,lower,upper,hit_time,hit_price,observed,exploratory,reason,encoder
1,1,coinbase-ETH-USD,2026-09-19T13:50:58+00:00,baisse,lost,-1.0,1789825858.4891121,1789825860.0,1789825870.0,1789825875.0,2633.43,2632.5,2633.0,,,1,True,,grid-usd-0.5-v1
2,1,coinbase-ETH-USD,2026-09-19T13:51:20+00:00,hausse,lost,-1.0,1789825880.178285,1789825885.0,1789825895.0,1789825900.0,2633.68,2634.0,2634.5,,,1,False,,grid-usd-0.5-v1
3,1,coinbase-ETH-USD,2026-09-19T13:51:43+00:00,stable,void,,1789825903.0692604,1789825905.0,1789825915.0,1789825920.0,2633.99,2633.5,2634.0,,,0,False,Aucune transaction observee dans la fenetre de 5 s.,grid-usd-0.5-v1
4,1,coinbase-ETH-USD,2026-09-19T13:52:11+00:00,hausse,lost,-1.0,1789825931.4908993,1789825935.0,1789825945.0,1789825950.0,2634.16,2634.5,2635.0,,,10,True,,grid-usd-0.5-v1
5,1,coinbase-ETH-USD,2026-09-19T13:52:33+00:00,stable,won,1.0,1789825953.1031282,1789825955.0,1789825965.0,1789825970.0,2634.06,2634.0,2634.5,1789825965.330745,2634.06,8,False,,grid-usd-0.5-v1
6,1,coinbase-ETH-USD,2026-09-19T13:52:59+00:00,stable,lost,-1.0,1789825979.2914116,1789825980.0,1789825990.0,1789825995.0,2634.64,2634.5,2635.0,,,6,False,,grid-usd-0.5-v1
7,1,coinbase-ETH-USD,2026-09-19T13:53:18+00:00,stable,lost,-1.0,1789825997.981815,1789826000.0,1789826010.0,1789826015.0,2634.57,2634.5,2635.0,,,6,False,,grid-usd-0.5-v1
8,1,coinbase-ETH-USD,2026-09-19T13:53:37+00:00,stable,won,1.0,1789826017.7667525,1789826020.0,1789826030.0,1789826035.0,2635.12,2635.0,2635.5,1789826030.426522,2635.12,12,True,,grid-usd-0.5-v1
9,1,coinbase-ETH-USD,2026-09-19T13:53:58+00:00,stable,lost,-1.0,1789826038.1602392,1789826040.0,1789826050.0,1789826055.0,2635.2,2635.0,2635.5,,,13,False,,grid-usd-0.5-v1
10,1,coinbase-ETH-USD,2026-09-19T13:54:18+00:00,stable,lost,-1.0,1789826058.1325057,1789826060.0,1789826070.0,1789826075.0,2635.99,2635.5,2636.0,,,2,False,,grid-usd-0.5-v1
11,1,coinbase-ETH-USD,2026-09-19T13:54:38+00:00,baisse,won,1.0,1789826078.1000843,1789826080.0,1789826090.0,1789826095.0,2636.72,2636.0,2636.5,1789826094.299966,2636.38,7,False,,grid-usd-0.5-v1
12,1,coinbase-ETH-USD,2026-09-19T13:54:57+00:00,baisse,lost,-1.0,1789826097.5653381,1789826100.0,1789826110.0,1789826115.0,2636.66,2636.0,2636.5,,,5,False,,grid-usd-0.5-v1
13,1,coinbase-ETH-USD,2026-09-19T13:55:18+00:00,baisse,lost,-1.0,1789826118.055178,1789826120.0,1789826130.0,1789826135.0,2635.38,2634.5,2635.0,,,2,False,,grid-usd-0.5-v1
14,1,coinbase-ETH-USD,2026-09-19T13:55:38+00:00,hausse,void,,1789826138.1801617,1789826140.0,1789826150.0,1789826155.0,2635.86,2636.0,2636.5,,,0,False,Aucune transaction observee dans la fenetre de 5 s.,grid-usd-0.5-v1
15,1,coinbase-ETH-USD,2026-09-19T13:56:20+00:00,stable,won,1.0,1789826180.289351,1789826185.0,1789826195.0,1789826200.0,2637.04,2637.0,2637.5,1789826195.544116,2637.08,8,False,,grid-usd-0.5-v1
16,1,coinbase-ETH-USD,2026-09-19T13:56:45+00:00,stable,lost,-1.0,1789826204.9932766,1789826205.0,1789826215.0,1789826220.0,2636.68,2636.5,2637.0,,,1,False,,grid-usd-0.5-v1
17,1,coinbase-ETH-USD,2026-09-19T13:57:04+00:00,baisse,lost,-1.0,1789826224.6703844,1789826225.0,1789826235.0,1789826240.0,2637.19,2636.5,2637.0,,,4,False,,grid-usd-0.5-v1
18,1,coinbase-ETH-USD,2026-09-19T13:57:23+00:00,hausse,void,,1789826243.1186001,1789826245.0,1789826255.0,1789826260.0,2637.84,2638.0,2638.5,,,0,False,Aucune transaction observee dans la fenetre de 5 s.,grid-usd-0.5-v1
19,1,coinbase-ETH-USD,2026-09-19T13:57:44+00:00,hausse,void,,1789826264.6084988,1789826265.0,1789826275.0,1789826280.0,2637.82,2638.0,2638.5,,,0,False,Aucune transaction observee dans la fenetre de 5 s.,grid-usd-0.5-v1
20,1,coinbase-ETH-USD,2026-09-19T13:58:11+00:00,stable,lost,-1.0,1789826291.320915,1789826295.0,1789826305.0,1789826310.0,2638.2,2638.0,2638.5,,,8,False,,grid-usd-0.5-v1
21,1,coinbase-ETH-USD,2026-09-19T13:58:32+00:00,stable,lost,-1.0,1789826312.8164852,1789826315.0,1789826325.0,1789826330.0,2638.32,2638.0,2638.5,,,52,False,,grid-usd-0.5-v1
22,1,coinbase-ETH-USD,2026-09-19T13:58:53+00:00,hausse,won,1.0,1789826333.0873501,1789826335.0,1789826345.0,1789826350.0,2637.42,2637.5,2638.0,1789826345.2284,2637.95,4,False,,grid-usd-0.5-v1
23,1,coinbase-ETH-USD,2026-09-19T13:59:13+00:00,hausse,lost,-1.0,1789826353.0907173,1789826355.0,1789826365.0,1789826370.0,2637.49,2637.5,2638.0,,,3,False,,grid-usd-0.5-v1
24,1,coinbase-ETH-USD,2026-09-19T13:59:33+00:00,hausse,lost,-1.0,1789826373.0915072,1789826375.0,1789826385.0,1789826390.0,2638.44,2638.5,2639.0,,,2,False,,grid-usd-0.5-v1
25,1,coinbase-ETH-USD,2026-09-19T13:59:53+00:00,hausse,lost,-1.0,1789826393.072446,1789826395.0,1789826405.0,1789826410.0,2638.34,2638.5,2639.0,,,11,False,,grid-usd-0.5-v1
26,1,coinbase-ETH-USD,2026-09-19T14:00:13+00:00,stable,won,1.0,1789826413.051397,1789826415.0,1789826425.0,1789826430.0,2637.56,2637.5,2638.0,1789826426.072021,2637.79,3,False,,grid-usd-0.5-v1
27,1,coinbase-ETH-USD,2026-09-19T14:00:33+00:00,stable,won,1.0,1789826433.1262112,1789826435.0,1789826445.0,1789826450.0,2637.92,2637.5,2638.0,1789826445.37522,2637.6,2,False,,grid-usd-0.5-v1
28,1,coinbase-ETH-USD,2026-09-19T14:00:53+00:00,stable,won,1.0,1789826453.089511,1789826455.0,1789826465.0,1789826470.0,2637.97,2637.5,2638.0,1789826465.490779,2637.73,3,False,,grid-usd-0.5-v1
29,1,coinbase-ETH-USD,2026-09-19T14:01:12+00:00,stable,won,1.0,1789826472.873838,1789826475.0,1789826485.0,1789826490.0,2637.78,2637.5,2638.0,1789826488.757108,2637.71,9,False,,grid-usd-0.5-v1
30,1,coinbase-ETH-USD,2026-09-19T14:01:32+00:00,stable,lost,-1.0,1789826492.6192954,1789826495.0,1789826505.0,1789826510.0,2637.89,2637.5,2638.0,,,7,False,,grid-usd-0.5-v1
31,1,coinbase-ETH-USD,2026-09-19T14:01:52+00:00,stable,won,1.0,1789826512.811684,1789826515.0,1789826525.0,1789826530.0,2638.25,2638.0,2638.5,1789826527.425389,2638.39,4,False,,grid-usd-0.5-v1
32,1,coinbase-ETH-USD,2026-09-19T14:02:13+00:00,stable,won,1.0,1789826533.092293,1789826535.0,1789826545.0,1789826550.0,2638.39,2638.0,2638.5,1789826546.746283,2638.22,1,False,,grid-usd-0.5-v1
33,1,coinbase-ETH-USD,2026-09-19T14:02:33+00:00,stable,won,1.0,1789826552.9510891,1789826555.0,1789826565.0,1789826570.0,2638.22,2638.0,2638.5,1789826565.563755,2638.49,14,False,,grid-usd-0.5-v1
34,1,coinbase-ETH-USD,2026-09-19T14:02:53+00:00,stable,won,1.0,1789826573.1382625,1789826575.0,1789826585.0,1789826590.0,2638.33,2638.0,2638.5,1789826586.364075,2638.32,36,False,,grid-usd-0.5-v1
35,1,coinbase-ETH-USD,2026-09-19T14:03:12+00:00,stable,lost,-1.0,1789826592.8413792,1789826595.0,1789826605.0,1789826610.0,2638.91,2638.5,2639.0,,,5,False,,grid-usd-0.5-v1
36,1,coinbase-ETH-USD,2026-09-19T14:03:32+00:00,stable,lost,-1.0,1789826612.7048903,1789826615.0,1789826625.0,1789826630.0,2639.16,2639.0,2639.5,,,15,False,,grid-usd-0.5-v1
37,1,coinbase-ETH-USD,2026-09-19T14:03:53+00:00,stable,lost,-1.0,1789826633.0887794,1789826635.0,1789826645.0,1789826650.0,2638.96,2638.5,2639.0,,,7,False,,grid-usd-0.5-v1
38,1,coinbase-ETH-USD,2026-09-19T14:04:13+00:00,stable,lost,-1.0,1789826653.0735881,1789826655.0,1789826665.0,1789826670.0,2639.12,2639.0,2639.5,,,6,False,,grid-usd-0.5-v1
39,1,coinbase-ETH-USD,2026-09-19T14:04:33+00:00,stable,won,1.0,1789826673.0425286,1789826675.0,1789826685.0,1789826690.0,2639.6,2639.5,2640.0,1789826686.478839,2639.66,3,False,,grid-usd-0.5-v1
40,1,coinbase-ETH-USD,2026-09-19T14:04:53+00:00,stable,won,1.0,1789826693.136775,1789826695.0,1789826705.0,1789826710.0,2639.84,2639.5,2640.0,1789826707.114823,2639.99,57,False,,grid-usd-0.5-v1
41,1,coinbase-ETH-USD,2026-09-19T14:05:13+00:00,baisse,won,1.0,1789826713.1102629,1789826715.0,1789826725.0,1789826730.0,2640.26,2639.5,2640.0,1789826726.515021,2639.9,2,True,,grid-usd-0.5-v1
42,1,coinbase-ETH-USD,2026-09-19T14:05:33+00:00,stable,lost,-1.0,1789826733.1521113,1789826735.0,1789826745.0,1789826750.0,2639.98,2639.5,2640.0,,,18,False,,grid-usd-0.5-v1
43,1,coinbase-ETH-USD,2026-09-19T14:05:53+00:00,stable,won,1.0,1789826753.1447027,1789826755.0,1789826765.0,1789826770.0,2640.23,2640.0,2640.5,1789826768.32203,2640.37,1,False,,grid-usd-0.5-v1
44,1,coinbase-ETH-USD,2026-09-19T14:06:13+00:00,stable,lost,-1.0,1789826773.1133633,1789826775.0,1789826785.0,1789826790.0,2640.39,2640.0,2640.5,,,9,False,,grid-usd-0.5-v1
45,1,coinbase-ETH-USD,2026-09-19T14:06:33+00:00,stable,lost,-1.0,1789826793.0811746,1789826795.0,1789826805.0,1789826810.0,2641.47,2641.0,2641.5,,,21,False,,grid-usd-0.5-v1
46,1,coinbase-ETH-USD,2026-09-19T14:06:53+00:00,stable,won,1.0,1789826813.0804918,1789826815.0,1789826825.0,1789826830.0,2640.04,2640.0,2640.5,1789826826.406233,2640.37,21,False,,grid-usd-0.5-v1
47,1,coinbase-ETH-USD,2026-09-19T14:07:13+00:00,stable,won,1.0,1789826833.063067,1789826835.0,1789826845.0,1789826850.0,2640.42,2640.0,2640.5,1789826846.845157,2640.44,1,False,,grid-usd-0.5-v1
48,1,coinbase-ETH-USD,2026-09-19T14:07:33+00:00,stable,won,1.0,1789826853.0835714,1789826855.0,1789826865.0,1789826870.0,2640.23,2640.0,2640.5,1789826865.404806,2640.02,4,False,,grid-usd-0.5-v1
49,1,coinbase-ETH-USD,2026-09-19T14:07:55+00:00,stable,lost,-1.0,1789826875.301856,1789826880.0,1789826890.0,1789826895.0,2640.0,2640.0,2640.5,,,1,False,,grid-usd-0.5-v1
50,1,coinbase-ETH-USD,2026-09-19T14:08:18+00:00,stable,won,1.0,1789826898.0913136,1789826900.0,1789826910.0,1789826915.0,2639.9,2639.5,2640.0,1789826910.294597,2639.76,16,False,,grid-usd-0.5-v1
51,1,coinbase-ETH-USD,2026-09-19T14:08:37+00:00,stable,won,1.0,1789826917.7869222,1789826920.0,1789826930.0,1789826935.0,2639.84,2639.5,2640.0,1789826930.64953,2639.61,2,True,,grid-usd-0.5-v1
52,1,coinbase-ETH-USD,2026-09-19T14:08:58+00:00,stable,lost,-1.0,1789826938.1686096,1789826940.0,1789826950.0,1789826955.0,2639.23,2639.0,2639.5,,,3,False,,grid-usd-0.5-v1
53,1,coinbase-ETH-USD,2026-09-19T14:09:20+00:00,stable,lost,-1.0,1789826960.0885863,1789826965.0,1789826975.0,1789826980.0,2639.57,2639.5,2640.0,,,9,False,,grid-usd-0.5-v1
54,1,coinbase-ETH-USD,2026-09-19T14:09:43+00:00,stable,won,1.0,1789826983.1135178,1789826985.0,1789826995.0,1789827000.0,2638.41,2638.0,2638.5,1789826995.757744,2638.47,4,False,,grid-usd-0.5-v1
55,1,coinbase-ETH-USD,2026-09-19T14:10:04+00:00,stable,won,1.0,1789827004.126696,1789827005.0,1789827015.0,1789827020.0,2638.55,2638.5,2639.0,1789827015.3276,2638.65,5,False,,grid-usd-0.5-v1
56,1,coinbase-ETH-USD,2026-09-19T14:10:23+00:00,stable,won,1.0,1789827023.091065,1789827025.0,1789827035.0,1789827040.0,2639.49,2639.0,2639.5,1789827035.230305,2639.21,3,False,,grid-usd-0.5-v1
57,1,coinbase-ETH-USD,2026-09-19T14:10:43+00:00,stable,void,,1789827043.0847962,1789827045.0,1789827055.0,1789827060.0,2639.28,2639.0,2639.5,,,0,False,Aucune transaction observee dans la fenetre de 5 s.,grid-usd-0.5-v1
58,1,coinbase-ETH-USD,2026-09-19T14:11:22+00:00,stable,lost,-1.0,1789827082.2013988,1789827085.0,1789827095.0,1789827100.0,2638.55,2638.5,2639.0,,,2,False,,grid-usd-0.5-v1
59,1,coinbase-ETH-USD,2026-09-19T14:11:44+00:00,stable,won,1.0,1789827104.228503,1789827105.0,1789827115.0,1789827120.0,2638.35,2638.0,2638.5,1789827115.559951,2638.48,4,False,,grid-usd-0.5-v1
60,1,coinbase-ETH-USD,2026-09-19T14:12:02+00:00,stable,won,1.0,1789827122.8982813,1789827125.0,1789827135.0,1789827140.0,2638.4,2638.0,2638.5,1789827137.266171,2638.38,24,False,,grid-usd-0.5-v1
61,1,coinbase-ETH-USD,2026-09-19T14:12:23+00:00,stable,won,1.0,1789827143.0767384,1789827145.0,1789827155.0,1789827160.0,2636.8,2636.5,2637.0,1789827155.142003,2636.88,5,True,,grid-usd-0.5-v1
62,1,coinbase-ETH-USD,2026-09-19T14:12:43+00:00,stable,lost,-1.0,1789827163.0806515,1789827165.0,1789827175.0,1789827180.0,2637.17,2637.0,2637.5,,,10,False,,grid-usd-0.5-v1
63,1,coinbase-ETH-USD,2026-09-19T14:13:03+00:00,stable,lost,-1.0,1789827183.0806782,1789827185.0,1789827195.0,1789827200.0,2636.84,2636.5,2637.0,,,6,False,,grid-usd-0.5-v1
64,1,coinbase-ETH-USD,2026-09-19T14:13:23+00:00,stable,won,1.0,1789827203.069047,1789827205.0,1789827215.0,1789827220.0,2637.33,2637.0,2637.5,1789827215.145211,2637.36,10,False,,grid-usd-0.5-v1
65,1,coinbase-ETH-USD,2026-09-19T14:13:45+00:00,stable,won,1.0,1789827225.1614106,1789827230.0,1789827240.0,1789827245.0,2637.4,2637.0,2637.5,1789827240.927549,2637.14,7,False,,grid-usd-0.5-v1
66,1,coinbase-ETH-USD,2026-09-19T14:14:08+00:00,stable,won,1.0,1789827248.06617,1789827250.0,1789827260.0,1789827265.0,2637.27,2637.0,2637.5,1789827261.657107,2637.19,1,False,,grid-usd-0.5-v1
67,1,coinbase-ETH-USD,2026-09-19T14:14:28+00:00,stable,void,,1789827268.0568671,1789827270.0,1789827280.0,1789827285.0,2637.05,2637.0,2637.5,,,0,False,Aucune transaction observee dans la fenetre de 5 s.,grid-usd-0.5-v1
68,1,coinbase-ETH-USD,2026-09-19T14:14:49+00:00,stable,lost,-1.0,1789827289.2873168,1789827290.0,1789827300.0,1789827305.0,2637.36,2637.0,2637.5,,,10,False,,grid-usd-0.5-v1
69,1,coinbase-ETH-USD,2026-09-19T14:15:07+00:00,stable,won,1.0,1789827307.7216358,1789827310.0,1789827320.0,1789827325.0,2637.99,2637.5,2638.0,1789827322.487482,2637.98,1,False,,grid-usd-0.5-v1
70,1,coinbase-ETH-USD,2026-09-19T14:15:28+00:00,baisse,lost,-1.0,1789827328.0910106,1789827330.0,1789827340.0,1789827345.0,2638.0,2637.5,2638.0,,,2,True,,grid-usd-0.5-v1
71,1,coinbase-ETH-USD,2026-09-19T14:15:48+00:00,stable,won,1.0,1789827348.0708473,1789827350.0,1789827360.0,1789827365.0,2638.36,2638.0,2638.5,1789827360.298314,2638.19,8,False,,grid-usd-0.5-v1
72,1,coinbase-ETH-USD,2026-09-19T14:16:08+00:00,stable,lost,-1.0,1789827368.056629,1789827370.0,1789827380.0,1789827385.0,2638.31,2638.0,2638.5,,,2,False,,grid-usd-0.5-v1
73,1,coinbase-ETH-USD,2026-09-19T14:16:28+00:00,stable,won,1.0,1789827388.1502192,1789827390.0,1789827400.0,1789827405.0,2638.69,2638.5,2639.0,1789827400.074158,2638.61,7,False,,grid-usd-0.5-v1
74,1,coinbase-ETH-USD,2026-09-19T14:16:48+00:00,stable,won,1.0,1789827408.1224582,1789827410.0,1789827420.0,1789827425.0,2638.36,2638.0,2638.5,1789827422.652617,2638.24,15,False,,grid-usd-0.5-v1
75,1,coinbase-ETH-USD,2026-09-19T14:17:08+00:00,stable,won,1.0,1789827428.1082382,1789827430.0,1789827440.0,1789827445.0,2638.24,2638.0,2638.5,1789827440.555648,2638.19,2,False,,grid-usd-0.5-v1
76,1,coinbase-ETH-USD,2026-09-19T14:17:28+00:00,stable,void,,1789827448.137358,1789827450.0,1789827460.0,1789827465.0,2638.2,2638.0,2638.5,,,0,False,Aucune transaction observee dans la fenetre de 5 s.,grid-usd-0.5-v1
77,1,coinbase-ETH-USD,2026-09-19T14:18:00+00:00,stable,lost,-1.0,1789827480.0165415,1789827485.0,1789827495.0,1789827500.0,2638.87,2638.5,2639.0,,,8,False,,grid-usd-0.5-v1
78,1,coinbase-ETH-USD,2026-09-19T14:18:22+00:00,stable,won,1.0,1789827502.7554438,1789827505.0,1789827515.0,1789827520.0,2640.21,2640.0,2640.5,1789827515.648004,2640.35,7,False,,grid-usd-0.5-v1
79,1,coinbase-ETH-USD,2026-09-19T14:18:43+00:00,stable,won,1.0,1789827523.1188378,1789827525.0,1789827535.0,1789827540.0,2639.92,2639.5,2640.0,1789827538.17454,2639.7,1,False,,grid-usd-0.5-v1
80,1,coinbase-ETH-USD,2026-09-19T14:19:03+00:00,stable,won,1.0,1789827543.1418025,1789827545.0,1789827555.0,1789827560.0,2639.82,2639.5,2640.0,1789827557.973877,2639.99,9,False,,grid-usd-0.5-v1
81,1,coinbase-ETH-USD,2026-09-19T14:19:23+00:00,stable,lost,-1.0,1789827563.1319554,1789827565.0,1789827575.0,1789827580.0,2640.04,2640.0,2640.5,,,23,False,,grid-usd-0.5-v1
82,1,coinbase-ETH-USD,2026-09-19T14:19:43+00:00,stable,lost,-1.0,1789827583.1310594,1789827585.0,1789827595.0,1789827600.0,2639.6,2639.5,2640.0,,,10,False,,grid-usd-0.5-v1
83,1,coinbase-ETH-USD,2026-09-19T14:20:03+00:00,stable,lost,-1.0,1789827603.1404886,1789827605.0,1789827615.0,1789827620.0,2640.09,2640.0,2640.5,,,2,False,,grid-usd-0.5-v1
84,1,coinbase-ETH-USD,2026-09-19T14:20:23+00:00,stable,lost,-1.0,1789827623.116427,1789827625.0,1789827635.0,1789827640.0,2640.76,2640.5,2641.0,,,13,False,,grid-usd-0.5-v1
85,1,coinbase-ETH-USD,2026-09-19T14:20:42+00:00,stable,lost,-1.0,1789827642.797275,1789827645.0,1789827655.0,1789827660.0,2640.44,2640.0,2640.5,,,9,False,,grid-usd-0.5-v1
86,1,coinbase-ETH-USD,2026-09-19T14:21:03+00:00,stable,won,1.0,1789827663.0924463,1789827665.0,1789827675.0,1789827680.0,2641.6,2641.5,2642.0,1789827676.830327,2641.73,14,False,,grid-usd-0.5-v1
87,1,coinbase-ETH-USD,2026-09-19T14:21:25+00:00,stable,won,1.0,1789827685.3041253,1789827690.0,1789827700.0,1789827705.0,2641.72,2641.5,2642.0,1789827704.175169,2641.91,29,False,,grid-usd-0.5-v1
88,1,coinbase-ETH-USD,2026-09-19T14:21:48+00:00,stable,won,1.0,1789827708.1097553,1789827710.0,1789827720.0,1789827725.0,2642.44,2642.0,2642.5,1789827720.014791,2642.33,32,False,,grid-usd-0.5-v1
89,1,coinbase-ETH-USD,2026-09-19T14:22:08+00:00,stable,lost,-1.0,1789827728.1154823,1789827730.0,1789827740.0,1789827745.0,2641.4,2641.0,2641.5,,,6,False,,grid-usd-0.5-v1
90,1,coinbase-ETH-USD,2026-09-19T14:22:27+00:00,stable,won,1.0,1789827747.7023375,1789827750.0,1789827760.0,1789827765.0,2641.94,2641.5,2642.0,1789827760.496288,2641.98,4,False,,grid-usd-0.5-v1
91,1,coinbase-ETH-USD,2026-09-19T14:22:47+00:00,hausse,won,1.0,1789827767.7008903,1789827770.0,1789827780.0,1789827785.0,2641.98,2642.0,2642.5,1789827780.310147,2642.14,14,True,,grid-usd-0.5-v1
92,1,coinbase-ETH-USD,2026-09-19T14:23:08+00:00,stable,won,1.0,1789827788.1354198,1789827790.0,1789827800.0,1789827805.0,2641.72,2641.5,2642.0,1789827803.207355,2641.82,5,False,,grid-usd-0.5-v1
93,1,coinbase-ETH-USD,2026-09-19T14:23:28+00:00,stable,lost,-1.0,1789827808.1276784,1789827810.0,1789827820.0,1789827825.0,2641.82,2641.5,2642.0,,,7,True,,grid-usd-0.5-v1
94,1,coinbase-ETH-USD,2026-09-19T14:23:48+00:00,stable,won,1.0,1789827828.1459491,1789827830.0,1789827840.0,1789827845.0,2642.14,2642.0,2642.5,1789827844.862772,2642.16,4,False,,grid-usd-0.5-v1
95,1,coinbase-ETH-USD,2026-09-19T14:24:08+00:00,stable,lost,-1.0,1789827848.1492338,1789827850.0,1789827860.0,1789827865.0,2642.08,2642.0,2642.5,,,20,False,,grid-usd-0.5-v1
96,1,coinbase-ETH-USD,2026-09-19T14:24:28+00:00,stable,won,1.0,1789827868.133096,1789827870.0,1789827880.0,1789827885.0,2641.54,2641.5,2642.0,1789827880.521534,2641.73,4,False,,grid-usd-0.5-v1
97,1,coinbase-ETH-USD,2026-09-19T14:24:50+00:00,hausse,won,1.0,1789827890.2509267,1789827895.0,1789827905.0,1789827910.0,2641.88,2642.0,2642.5,1789827909.997863,2642.17,1,True,,grid-usd-0.5-v1
98,1,coinbase-ETH-USD,2026-09-19T14:25:13+00:00,stable,won,1.0,1789827913.063202,1789827915.0,1789827925.0,1789827930.0,2642.16,2642.0,2642.5,1789827925.624854,2642.16,7,False,,grid-usd-0.5-v1
99,1,coinbase-ETH-USD,2026-09-19T14:25:33+00:00,stable,lost,-1.0,1789827933.0488033,1789827935.0,1789827945.0,1789827950.0,2642.29,2642.0,2642.5,,,10,False,,grid-usd-0.5-v1
100,1,coinbase-ETH-USD,2026-09-19T14:25:53+00:00,stable,lost,-1.0,1789827953.136306,1789827955.0,1789827965.0,1789827970.0,2641.28,2641.0,2641.5,,,2,False,,grid-usd-0.5-v1
101,1,coinbase-ETH-USD,2026-09-19T14:26:13+00:00,stable,won,1.0,1789827973.1297045,1789827975.0,1789827985.0,1789827990.0,2641.99,2641.5,2642.0,1789827985.428993,2641.72,2,False,,grid-usd-0.5-v1
102,1,coinbase-ETH-USD,2026-09-19T14:26:33+00:00,stable,void,,1789827993.160144,1789827995.0,1789828005.0,1789828010.0,2641.64,2641.5,2642.0,,,0,False,Aucune transaction observee dans la fenetre de 5 s.,grid-usd-0.5-v1
103,1,coinbase-ETH-USD,2026-09-19T14:26:56+00:00,stable,lost,-1.0,1789828016.044199,1789828020.0,1789828030.0,1789828035.0,2641.98,2641.5,2642.0,,,3,False,,grid-usd-0.5-v1
104,1,coinbase-ETH-USD,2026-09-19T14:27:18+00:00,stable,won,1.0,1789828038.067183,1789828040.0,1789828050.0,1789828055.0,2641.53,2641.5,2642.0,1789828050.351269,2641.67,7,False,,grid-usd-0.5-v1
105,1,coinbase-ETH-USD,2026-09-19T14:27:38+00:00,stable,won,1.0,1789828058.140997,1789828060.0,1789828070.0,1789828075.0,2641.74,2641.5,2642.0,1789828072.74757,2641.72,8,False,,grid-usd-0.5-v1
106,1,coinbase-ETH-USD,2026-09-19T14:27:58+00:00,stable,won,1.0,1789828078.1353967,1789828080.0,1789828090.0,1789828095.0,2641.72,2641.5,2642.0,1789828090.562998,2641.5,5,False,,grid-usd-0.5-v1
107,1,coinbase-ETH-USD,2026-09-19T14:28:18+00:00,stable,lost,-1.0,1789828098.1208894,1789828100.0,1789828110.0,1789828115.0,2641.5,2641.5,2642.0,,,2,False,,grid-usd-0.5-v1
108,1,coinbase-ETH-USD,2026-09-19T14:28:37+00:00,hausse,won,1.0,1789828117.6227462,1789828120.0,1789828130.0,1789828135.0,2641.44,2641.5,2642.0,1789828130.228062,2641.88,3,True,,grid-usd-0.5-v1
109,1,coinbase-ETH-USD,2026-09-19T14:28:58+00:00,stable,void,,1789828138.1228049,1789828140.0,1789828150.0,1789828155.0,2641.89,2641.5,2642.0,,,0,False,Aucune transaction observee dans la fenetre de 5 s.,grid-usd-0.5-v1
110,1,coinbase-ETH-USD,2026-09-19T14:29:21+00:00,stable,won,1.0,1789828161.635045,1789828165.0,1789828175.0,1789828180.0,2642.63,2642.5,2643.0,1789828178.498498,2642.74,1,False,,grid-usd-0.5-v1
111,1,coinbase-ETH-USD,2026-09-19T14:29:43+00:00,stable,won,1.0,1789828183.2106543,1789828185.0,1789828195.0,1789828200.0,2642.74,2642.5,2643.0,1789828195.250403,2642.94,3,False,,grid-usd-0.5-v1
112,1,coinbase-ETH-USD,2026-09-19T14:30:03+00:00,stable,void,,1789828203.1128664,1789828205.0,1789828215.0,1789828220.0,2643.09,2643.0,2643.5,,,0,False,Aucune transaction observee dans la fenetre de 5 s.,grid-usd-0.5-v1
113,1,coinbase-ETH-USD,2026-09-19T14:31:09+00:00,baisse,lost,-1.0,1789828269.189474,1789828270.0,1789828280.0,1789828285.0,2641.9,2641.0,2641.5,,,14,True,,grid-usd-0.5-v1
114,1,coinbase-ETH-USD,2026-09-19T14:31:28+00:00,stable,won,1.0,1789828288.0960655,1789828290.0,1789828300.0,1789828305.0,2642.15,2642.0,2642.5,1789828300.608714,2642.15,2,False,,grid-usd-0.5-v1
115,1,coinbase-ETH-USD,2026-09-19T14:31:48+00:00,stable,won,1.0,1789828308.110753,1789828310.0,1789828320.0,1789828325.0,2642.48,2642.0,2642.5,1789828320.097658,2642.49,4,False,,grid-usd-0.5-v1
116,1,coinbase-ETH-USD,2026-09-19T14:32:08+00:00,stable,won,1.0,1789828328.0802789,1789828330.0,1789828340.0,1789828345.0,2642.78,2642.5,2643.0,1789828340.980171,2642.75,4,False,,grid-usd-0.5-v1
117,1,coinbase-ETH-USD,2026-09-19T14:32:28+00:00,stable,won,1.0,1789828348.0686445,1789828350.0,1789828360.0,1789828365.0,2642.79,2642.5,2643.0,1789828360.542888,2642.64,9,False,,grid-usd-0.5-v1
118,1,coinbase-ETH-USD,2026-09-19T14:32:48+00:00,stable,won,1.0,1789828368.083271,1789828370.0,1789828380.0,1789828385.0,2642.62,2642.5,2643.0,1789828382.560743,2642.99,32,False,,grid-usd-0.5-v1
119,1,coinbase-ETH-USD,2026-09-19T14:33:07+00:00,stable,lost,-1.0,1789828387.6767,1789828390.0,1789828400.0,1789828405.0,2642.68,2642.5,2643.0,,,7,False,,grid-usd-0.5-v1
120,1,coinbase-ETH-USD,2026-09-19T14:33:28+00:00,stable,lost,-1.0,1789828408.0742605,1789828410.0,1789828420.0,1789828425.0,2643.32,2643.0,2643.5,,,5,False,,grid-usd-0.5-v1
121,1,coinbase-ETH-USD,2026-09-19T14:33:48+00:00,stable,won,1.0,1789828428.0655863,1789828430.0,1789828440.0,1789828445.0,2640.31,2640.0,2640.5,1789828441.728081,2640.28,9,False,,grid-usd-0.5-v1
122,1,coinbase-ETH-USD,2026-09-19T14:34:08+00:00,stable,lost,-1.0,1789828448.0856843,1789828450.0,1789828460.0,1789828465.0,2640.63,2640.5,2641.0,,,1,False,,grid-usd-0.5-v1
123,1,coinbase-ETH-USD,2026-09-19T14:34:28+00:00,stable,lost,-1.0,1789828468.070465,1789828470.0,1789828480.0,1789828485.0,2640.37,2640.0,2640.5,,,14,False,,grid-usd-0.5-v1
124,1,coinbase-ETH-USD,2026-09-19T14:34:48+00:00,stable,lost,-1.0,1789828487.9671538,1789828490.0,1789828500.0,1789828505.0,2640.97,2640.5,2641.0,,,3,False,,grid-usd-0.5-v1
125,1,coinbase-ETH-USD,2026-09-19T14:35:08+00:00,stable,won,1.0,1789828508.054506,1789828510.0,1789828520.0,1789828525.0,2640.99,2640.5,2641.0,1789828520.153654,2640.99,9,False,,grid-usd-0.5-v1
126,1,coinbase-ETH-USD,2026-09-19T14:35:28+00:00,stable,won,1.0,1789828528.054343,1789828530.0,1789828540.0,1789828545.0,2640.78,2640.5,2641.0,1789828540.019282,2640.81,17,False,,grid-usd-0.5-v1
127,1,coinbase-ETH-USD,2026-09-19T14:35:47+00:00,stable,lost,-1.0,1789828547.740969,1789828550.0,1789828560.0,1789828565.0,2640.51,2640.5,2641.0,,,10,False,,grid-usd-0.5-v1
128,1,coinbase-ETH-USD,2026-09-19T14:36:08+00:00,stable,won,1.0,1789828568.160157,1789828570.0,1789828580.0,1789828585.0,2639.76,2639.5,2640.0,1789828580.244446,2639.5,15,False,,grid-usd-0.5-v1
129,1,coinbase-ETH-USD,2026-09-19T14:36:27+00:00,stable,won,1.0,1789828587.8633041,1789828590.0,1789828600.0,1789828605.0,2638.93,2638.5,2639.0,1789828602.516067,2638.56,7,False,,grid-usd-0.5-v1
130,1,coinbase-ETH-USD,2026-09-19T14:36:48+00:00,stable,lost,-1.0,1789828608.259857,1789828610.0,1789828620.0,1789828625.0,2639.01,2639.0,2639.5,,,4,False,,grid-usd-0.5-v1
131,1,coinbase-ETH-USD,2026-09-19T14:37:07+00:00,stable,lost,-1.0,1789828627.7343652,1789828630.0,1789828640.0,1789828645.0,2638.96,2638.5,2639.0,,,5,False,,grid-usd-0.5-v1
132,1,coinbase-ETH-USD,2026-09-19T14:37:27+00:00,hausse,void,,1789828647.8378992,1789828650.0,1789828660.0,1789828665.0,2638.03,2638.5,2639.0,,,0,False,Aucune transaction observee dans la fenetre de 5 s.,grid-usd-0.5-v1
133,1,coinbase-ETH-USD,2026-09-19T14:37:57+00:00,stable,lost,-1.0,1789828677.601135,1789828680.0,1789828690.0,1789828695.0,2638.33,2638.0,2638.5,,,6,False,,grid-usd-0.5-v1
134,1,coinbase-ETH-USD,2026-09-19T14:38:18+00:00,stable,won,1.0,1789828698.113862,1789828700.0,1789828710.0,1789828715.0,2637.26,2637.0,2637.5,1789828710.729952,2637.28,10,False,,grid-usd-0.5-v1
135,1,coinbase-ETH-USD,2026-09-19T14:38:38+00:00,stable,void,,1789828718.095912,1789828720.0,1789828730.0,1789828735.0,2637.44,2637.0,2637.5,,,0,False,Aucune transaction observee dans la fenetre de 5 s.,grid-usd-0.5-v1
136,1,coinbase-ETH-USD,2026-09-19T14:39:24+00:00,stable,void,,1789828764.363758,1789828765.0,1789828775.0,1789828780.0,2635.86,2635.5,2636.0,,,0,False,Aucune transaction observee dans la fenetre de 5 s.,grid-usd-0.5-v1
137,1,coinbase-ETH-USD,2026-09-19T14:41:36+00:00,stable,won,1.0,1789828896.7124965,1789828900.0,1789828910.0,1789828915.0,2637.14,2637.0,2637.5,1789828912.048435,2637.24,4,False,,grid-usd-0.5-v1
138,1,coinbase-ETH-USD,2026-09-19T14:41:58+00:00,stable,won,1.0,1789828918.1276789,1789828920.0,1789828930.0,1789828935.0,2637.23,2637.0,2637.5,1789828931.774583,2637.38,1,False,,grid-usd-0.5-v1
139,1,coinbase-ETH-USD,2026-09-19T14:42:21+00:00,stable,lost,-1.0,1789828941.0438673,1789828945.0,1789828955.0,1789828960.0,2637.38,2637.0,2637.5,,,2,False,,grid-usd-0.5-v1
140,1,coinbase-ETH-USD,2026-09-19T14:42:43+00:00,stable,lost,-1.0,1789828963.245213,1789828965.0,1789828975.0,1789828980.0,2638.77,2638.5,2639.0,,,7,False,,grid-usd-0.5-v1
141,1,coinbase-ETH-USD,2026-09-19T14:43:02+00:00,stable,void,,1789828982.7681236,1789828985.0,1789828995.0,1789829000.0,2638.5,2638.5,2639.0,,,0,False,Aucune transaction observee dans la fenetre de 5 s.,grid-usd-0.5-v1
142,1,coinbase-ETH-USD,2026-09-19T14:44:11+00:00,stable,lost,-1.0,1789829051.065361,1789829055.0,1789829065.0,1789829070.0,2637.82,2637.5,2638.0,,,7,False,,grid-usd-0.5-v1
143,1,coinbase-ETH-USD,2026-09-19T14:44:33+00:00,stable,won,1.0,1789829073.0672932,1789829075.0,1789829085.0,1789829090.0,2638.59,2638.5,2639.0,1789829085.245481,2638.73,6,False,,grid-usd-0.5-v1
144,1,coinbase-ETH-USD,2026-09-19T14:44:52+00:00,stable,won,1.0,1789829092.767986,1789829095.0,1789829105.0,1789829110.0,2638.31,2638.0,2638.5,1789829105.790687,2638.33,22,False,,grid-usd-0.5-v1
145,1,coinbase-ETH-USD,2026-09-19T14:45:13+00:00,stable,lost,-1.0,1789829113.057353,1789829115.0,1789829125.0,1789829130.0,2639.2,2639.0,2639.5,,,8,False,,grid-usd-0.5-v1
146,1,coinbase-ETH-USD,2026-09-19T14:45:32+00:00,hausse,won,1.0,1789829132.6797187,1789829135.0,1789829145.0,1789829150.0,2640.4,2640.5,2641.0,1789829145.391061,2640.79,8,False,,grid-usd-0.5-v1
147,1,coinbase-ETH-USD,2026-09-19T14:45:53+00:00,stable,lost,-1.0,1789829153.0575914,1789829155.0,1789829165.0,1789829170.0,2641.19,2641.0,2641.5,,,26,False,,grid-usd-0.5-v1
148,1,coinbase-ETH-USD,2026-09-19T14:46:12+00:00,stable,won,1.0,1789829172.6667254,1789829175.0,1789829185.0,1789829190.0,2638.92,2638.5,2639.0,1789829185.056996,2638.98,21,False,,grid-usd-0.5-v1
149,1,coinbase-ETH-USD,2026-09-19T14:46:32+00:00,stable,lost,-1.0,1789829192.8905787,1789829195.0,1789829205.0,1789829210.0,2638.26,2638.0,2638.5,,,11,False,,grid-usd-0.5-v1
150,1,coinbase-ETH-USD,2026-09-19T14:46:52+00:00,hausse,won,1.0,1789829212.718426,1789829215.0,1789829225.0,1789829230.0,2638.89,2639.0,2639.5,1789829225.601198,2639.01,6,False,,grid-usd-0.5-v1
151,1,coinbase-ETH-USD,2026-09-19T14:47:12+00:00,hausse,lost,-1.0,1789829232.9155333,1789829235.0,1789829245.0,1789829250.0,2639.01,2639.5,2640.0,,,5,False,,grid-usd-0.5-v1
152,1,coinbase-ETH-USD,2026-09-19T14:47:33+00:00,hausse,lost,-1.0,1789829253.1283906,1789829255.0,1789829265.0,1789829270.0,2638.34,2638.5,2639.0,,,3,False,,grid-usd-0.5-v1
153,1,coinbase-ETH-USD,2026-09-19T14:47:53+00:00,stable,won,1.0,1789829273.0576475,1789829275.0,1789829285.0,1789829290.0,2638.41,2638.0,2638.5,1789829288.368127,2638.0,26,False,,grid-usd-0.5-v1
154,1,coinbase-ETH-USD,2026-09-19T14:48:13+00:00,stable,void,,1789829293.0489774,1789829295.0,1789829305.0,1789829310.0,2638.35,2638.0,2638.5,,,0,False,Aucune transaction observee dans la fenetre de 5 s.,grid-usd-0.5-v1
155,1,coinbase-ETH-USD,2026-09-19T14:48:43+00:00,stable,lost,-1.0,1789829323.904237,1789829325.0,1789829335.0,1789829340.0,2638.35,2638.0,2638.5,,,1,False,,grid-usd-0.5-v1
156,1,coinbase-ETH-USD,2026-09-19T14:49:03+00:00,stable,won,1.0,1789829343.0992475,1789829345.0,1789829355.0,1789829360.0,2638.78,2638.5,2639.0,1789829356.498021,2638.54,9,False,,grid-usd-0.5-v1
157,1,coinbase-ETH-USD,2026-09-19T14:49:23+00:00,stable,lost,-1.0,1789829363.0861566,1789829365.0,1789829375.0,1789829380.0,2638.12,2638.0,2638.5,,,9,False,,grid-usd-0.5-v1
158,1,coinbase-ETH-USD,2026-09-19T14:49:43+00:00,stable,lost,-1.0,1789829383.1037,1789829385.0,1789829395.0,1789829400.0,2638.76,2638.5,2639.0,,,2,False,,grid-usd-0.5-v1
159,1,coinbase-ETH-USD,2026-09-19T14:50:02+00:00,hausse,lost,-1.0,1789829402.918395,1789829405.0,1789829415.0,1789829420.0,2638.47,2638.5,2639.0,,,6,False,,grid-usd-0.5-v1
160,1,coinbase-ETH-USD,2026-09-19T14:50:22+00:00,stable,lost,-1.0,1789829422.7244158,1789829425.0,1789829435.0,1789829440.0,2638.32,2638.0,2638.5,,,1,False,,grid-usd-0.5-v1
161,1,coinbase-ETH-USD,2026-09-19T14:50:43+00:00,hausse,won,1.0,1789829443.1022718,1789829445.0,1789829455.0,1789829460.0,2637.96,2638.0,2638.5,1789829459.147268,2638.47,13,False,,grid-usd-0.5-v1
